Project,Model,TopN,C_index
TCGA-BLCA,m,5,0.603858994
TCGA-BLCA,m,10,0.677005499
TCGA-BLCA,m,20,0.687647144
TCGA-BLCA,m,30,0.699071112
TCGA-BLCA,m,40,0.694174249
TCGA-BLCA,m,50,0.683761913
TCGA-BLCA,m,60,0.689707485
TCGA-BLCA,m,70,0.697590205
TCGA-BLCA,m,80,0.700927404
TCGA-BLCA,m,90,0.69985364
TCGA-BLCA,m,100,0.698994651
TCGA-BLCA,hm,5,0.623193685
TCGA-BLCA,hm,10,0.682467205
TCGA-BLCA,hm,20,0.686333483
TCGA-BLCA,hm,30,0.710844002
TCGA-BLCA,hm,40,0.722723055
TCGA-BLCA,hm,50,0.728835039
TCGA-BLCA,hm,60,0.738727546
TCGA-BLCA,hm,70,0.738745299
TCGA-BLCA,hm,80,0.740890405
TCGA-BLCA,hm,90,0.738438172
TCGA-BLCA,hm,100,0.737253079
TCGA-BLCA,m+hm,5,0.626261853
TCGA-BLCA,m+hm,10,0.701517412
TCGA-BLCA,m+hm,20,0.709016113
TCGA-BLCA,m+hm,30,0.728380934
TCGA-BLCA,m+hm,40,0.735661671
TCGA-BLCA,m+hm,50,0.732340376
TCGA-BLCA,m+hm,60,0.742176048
TCGA-BLCA,m+hm,70,0.741810799
TCGA-BLCA,m+hm,80,0.744745276
TCGA-BLCA,m+hm,90,0.740300725
TCGA-BLCA,m+hm,100,0.740849444
TCGA-BRCA,m,5,0.66568305
TCGA-BRCA,m,10,0.661734092
TCGA-BRCA,m,20,0.680105669
TCGA-BRCA,m,30,0.640745522
TCGA-BRCA,m,40,0.633725584
TCGA-BRCA,m,50,0.611215074
TCGA-BRCA,m,60,0.627380997
TCGA-BRCA,m,70,0.622323781
TCGA-BRCA,m,80,0.640201914
TCGA-BRCA,m,90,0.627925699
TCGA-BRCA,m,100,0.638403554
TCGA-BRCA,hm,5,0.669950605
TCGA-BRCA,hm,10,0.707324711
TCGA-BRCA,hm,20,0.692139465
TCGA-BRCA,hm,30,0.728914075
TCGA-BRCA,hm,40,0.726556487
TCGA-BRCA,hm,50,0.732239229
TCGA-BRCA,hm,60,0.740169346
TCGA-BRCA,hm,70,0.74470058
TCGA-BRCA,hm,80,0.745572633
TCGA-BRCA,hm,90,0.743513226
TCGA-BRCA,hm,100,0.742222143
TCGA-BRCA,m+hm,5,0.691241172
TCGA-BRCA,m+hm,10,0.708577589
TCGA-BRCA,m+hm,20,0.701206504
TCGA-BRCA,m+hm,30,0.735583051
TCGA-BRCA,m+hm,40,0.723283684
TCGA-BRCA,m+hm,50,0.730948012
TCGA-BRCA,m+hm,60,0.733464334
TCGA-BRCA,m+hm,70,0.730536753
TCGA-BRCA,m+hm,80,0.748111704
TCGA-BRCA,m+hm,90,0.726868867
TCGA-BRCA,m+hm,100,0.729423806
TCGA-COAD,m,5,0.610045956
TCGA-COAD,m,10,0.635850667
TCGA-COAD,m,20,0.663041161
TCGA-COAD,m,30,0.699097297
TCGA-COAD,m,40,0.704184173
TCGA-COAD,m,50,0.723072989
TCGA-COAD,m,60,0.766619176
TCGA-COAD,m,70,0.769144167
TCGA-COAD,m,80,0.768195314
TCGA-COAD,m,90,0.776375943
TCGA-COAD,m,100,0.793413801
TCGA-COAD,hm,5,0.686262419
TCGA-COAD,hm,10,0.720139355
TCGA-COAD,hm,20,0.710227907
TCGA-COAD,hm,30,0.730430984
TCGA-COAD,hm,40,0.736560005
TCGA-COAD,hm,50,0.69433103
TCGA-COAD,hm,60,0.74981926
TCGA-COAD,hm,70,0.736793723
TCGA-COAD,hm,80,0.734037669
TCGA-COAD,hm,90,0.769703841
TCGA-COAD,hm,100,0.807418331
TCGA-COAD,m+hm,5,0.714104941
TCGA-COAD,m+hm,10,0.73604712
TCGA-COAD,m+hm,20,0.733812027
TCGA-COAD,m+hm,30,0.757621276
TCGA-COAD,m+hm,40,0.759590349
TCGA-COAD,m+hm,50,0.758824011
TCGA-COAD,m+hm,60,0.795922564
TCGA-COAD,m+hm,70,0.782378862
TCGA-COAD,m+hm,80,0.759345977
TCGA-COAD,m+hm,90,0.809919177
TCGA-COAD,m+hm,100,0.824517148
TCGA-GBM,m,5,0.601426908
TCGA-GBM,m,10,0.565641889
TCGA-GBM,m,20,0.588107291
TCGA-GBM,m,30,0.590064642
TCGA-GBM,m,40,0.576193659
TCGA-GBM,m,50,0.605467107
TCGA-GBM,m,60,0.600561944
TCGA-GBM,m,70,0.593291343
TCGA-GBM,m,80,0.595418731
TCGA-GBM,m,90,0.608362657
TCGA-GBM,m,100,0.627031744
TCGA-GBM,hm,5,0.641351574
TCGA-GBM,hm,10,0.650054974
TCGA-GBM,hm,20,0.711850051
TCGA-GBM,hm,30,0.700468424
TCGA-GBM,hm,40,0.719708321
TCGA-GBM,hm,50,0.721313398
TCGA-GBM,hm,60,0.69356703
TCGA-GBM,hm,70,0.689173623
TCGA-GBM,hm,80,0.73451352
TCGA-GBM,hm,90,0.729412472
TCGA-GBM,hm,100,0.735934486
TCGA-GBM,m+hm,5,0.627517809
TCGA-GBM,m+hm,10,0.630735363
TCGA-GBM,m+hm,20,0.710928081
TCGA-GBM,m+hm,30,0.709275155
TCGA-GBM,m+hm,40,0.699444427
TCGA-GBM,m+hm,50,0.706026067
TCGA-GBM,m+hm,60,0.701794308
TCGA-GBM,m+hm,70,0.698210041
TCGA-GBM,m+hm,80,0.71130488
TCGA-GBM,m+hm,90,0.717033053
TCGA-GBM,m+hm,100,0.721010055
TCGA-KICH,m,5,0.904048354
TCGA-KICH,m,10,0.862084416
TCGA-KICH,m,20,0.953623836
TCGA-KICH,m,30,0.963781947
TCGA-KICH,m,40,0.973745127
TCGA-KICH,m,50,0.979532164
TCGA-KICH,m,60,0.979532164
TCGA-KICH,m,70,0.972124756
TCGA-KICH,m,80,0.965046567
TCGA-KICH,m,90,0.971518302
TCGA-KICH,m,100,0.963235867
TCGA-KICH,hm,5,0.967763158
TCGA-KICH,hm,10,0.976842376
TCGA-KICH,hm,20,0.978925709
TCGA-KICH,hm,30,0.984661306
TCGA-KICH,hm,40,0.970626218
TCGA-KICH,hm,50,0.98836501
TCGA-KICH,hm,60,0.980957602
TCGA-KICH,hm,70,0.984661306
TCGA-KICH,hm,80,0.970626218
TCGA-KICH,hm,90,0.978925709
TCGA-KICH,hm,100,0.978925709
TCGA-KICH,m+hm,5,0.968972006
TCGA-KICH,m+hm,10,0.952562541
TCGA-KICH,m+hm,20,0.969434969
TCGA-KICH,m+hm,30,0.980957602
TCGA-KICH,m+hm,40,0.970236355
TCGA-KICH,m+hm,50,0.980957602
TCGA-KICH,m+hm,60,0.979337232
TCGA-KICH,m+hm,70,0.962464804
TCGA-KICH,m+hm,80,0.961988304
TCGA-KICH,m+hm,90,0.829348062
TCGA-KICH,m+hm,100,0.951724063
TCGA-KIRC,m,5,0.569148924
TCGA-KIRC,m,10,0.636590706
TCGA-KIRC,m,20,0.649696004
TCGA-KIRC,m,30,0.645145229
TCGA-KIRC,m,40,0.689424886
TCGA-KIRC,m,50,0.697241678
TCGA-KIRC,m,60,0.696001054
TCGA-KIRC,m,70,0.695833884
TCGA-KIRC,m,80,0.699505537
TCGA-KIRC,m,90,0.706787798
TCGA-KIRC,m,100,0.70254176
TCGA-KIRC,hm,5,0.651895523
TCGA-KIRC,hm,10,0.66446658
TCGA-KIRC,hm,20,0.678579133
TCGA-KIRC,hm,30,0.692090712
TCGA-KIRC,hm,40,0.693408645
TCGA-KIRC,hm,50,0.709059734
TCGA-KIRC,hm,60,0.731147315
TCGA-KIRC,hm,70,0.727432004
TCGA-KIRC,hm,80,0.732366355
TCGA-KIRC,hm,90,0.733378703
TCGA-KIRC,hm,100,0.716519324
TCGA-KIRC,m+hm,5,0.668862648
TCGA-KIRC,m+hm,10,0.6787944
TCGA-KIRC,m+hm,20,0.683673051
TCGA-KIRC,m+hm,30,0.688675226
TCGA-KIRC,m+hm,40,0.683838675
TCGA-KIRC,m+hm,50,0.676368596
TCGA-KIRC,m+hm,60,0.711433438
TCGA-KIRC,m+hm,70,0.697011402
TCGA-KIRC,m+hm,80,0.703493087
TCGA-KIRC,m+hm,90,0.730417943
TCGA-KIRC,m+hm,100,0.694934504
TCGA-KIRP,m,5,0.768221407
TCGA-KIRP,m,10,0.760065224
TCGA-KIRP,m,20,0.772561316
TCGA-KIRP,m,30,0.794388984
TCGA-KIRP,m,40,0.788408576
TCGA-KIRP,m,50,0.788380583
TCGA-KIRP,m,60,0.777666428
TCGA-KIRP,m,70,0.782150823
TCGA-KIRP,m,80,0.78966523
TCGA-KIRP,m,90,0.795285664
TCGA-KIRP,m,100,0.790821912
TCGA-KIRP,hm,5,0.776171366
TCGA-KIRP,hm,10,0.80185443
TCGA-KIRP,hm,20,0.831552041
TCGA-KIRP,hm,30,0.812528041
TCGA-KIRP,hm,40,0.846694373
TCGA-KIRP,hm,50,0.842632233
TCGA-KIRP,hm,60,0.846432072
TCGA-KIRP,hm,70,0.847704356
TCGA-KIRP,hm,80,0.837648831
TCGA-KIRP,hm,90,0.834674513
TCGA-KIRP,hm,100,0.840711648
TCGA-KIRP,m+hm,5,0.77119304
TCGA-KIRP,m+hm,10,0.785229594
TCGA-KIRP,m+hm,20,0.831923988
TCGA-KIRP,m+hm,30,0.822770583
TCGA-KIRP,m+hm,40,0.843764306
TCGA-KIRP,m+hm,50,0.845092645
TCGA-KIRP,m+hm,60,0.846132419
TCGA-KIRP,m+hm,70,0.846862722
TCGA-KIRP,m+hm,80,0.841755405
TCGA-KIRP,m+hm,90,0.839539458
TCGA-KIRP,m+hm,100,0.837349339
TCGA-LGG,m,5,0.802536941
TCGA-LGG,m,10,0.801166319
TCGA-LGG,m,20,0.800484167
TCGA-LGG,m,30,0.799913095
TCGA-LGG,m,40,0.799394675
TCGA-LGG,m,50,0.794951258
TCGA-LGG,m,60,0.797721809
TCGA-LGG,m,70,0.794586348
TCGA-LGG,m,80,0.790278542
TCGA-LGG,m,90,0.789079918
TCGA-LGG,m,100,0.787666733
TCGA-LGG,hm,5,0.797639242
TCGA-LGG,hm,10,0.803877306
TCGA-LGG,hm,20,0.802645965
TCGA-LGG,hm,30,0.796231455
TCGA-LGG,hm,40,0.795801597
TCGA-LGG,hm,50,0.794284657
TCGA-LGG,hm,60,0.791663432
TCGA-LGG,hm,70,0.78999409
TCGA-LGG,hm,80,0.789429971
TCGA-LGG,hm,90,0.790166859
TCGA-LGG,hm,100,0.790918804
TCGA-LGG,m+hm,5,0.797948412
TCGA-LGG,m+hm,10,0.802650985
TCGA-LGG,m+hm,20,0.801614068
TCGA-LGG,m+hm,30,0.794961003
TCGA-LGG,m+hm,40,0.795240495
TCGA-LGG,m+hm,50,0.793532487
TCGA-LGG,m+hm,60,0.792182778
TCGA-LGG,m+hm,70,0.788665422
TCGA-LGG,m+hm,80,0.787941396
TCGA-LGG,m+hm,90,0.788338853
TCGA-LGG,m+hm,100,0.787928444
TCGA-LIHC,m,5,0.630261474
TCGA-LIHC,m,10,0.626392482
TCGA-LIHC,m,20,0.668375328
TCGA-LIHC,m,30,0.706468104
TCGA-LIHC,m,40,0.700793679
TCGA-LIHC,m,50,0.6908157
TCGA-LIHC,m,60,0.69363932
TCGA-LIHC,m,70,0.705600577
TCGA-LIHC,m,80,0.717090042
TCGA-LIHC,m,90,0.729324709
TCGA-LIHC,m,100,0.725032255
TCGA-LIHC,hm,5,0.650253108
TCGA-LIHC,hm,10,0.678591225
TCGA-LIHC,hm,20,0.705980159
TCGA-LIHC,hm,30,0.707540845
TCGA-LIHC,hm,40,0.701387535
TCGA-LIHC,hm,50,0.714719945
TCGA-LIHC,hm,60,0.719291
TCGA-LIHC,hm,70,0.719338772
TCGA-LIHC,hm,80,0.726188387
TCGA-LIHC,hm,90,0.728816306
TCGA-LIHC,hm,100,0.731436357
TCGA-LIHC,m+hm,5,0.670718503
TCGA-LIHC,m+hm,10,0.680991342
TCGA-LIHC,m+hm,20,0.715142723
TCGA-LIHC,m+hm,30,0.723139923
TCGA-LIHC,m+hm,40,0.715046135
TCGA-LIHC,m+hm,50,0.731012736
TCGA-LIHC,m+hm,60,0.73623367
TCGA-LIHC,m+hm,70,0.736924491
TCGA-LIHC,m+hm,80,0.746787437
TCGA-LIHC,m+hm,90,0.745091331
TCGA-LIHC,m+hm,100,0.742776895
TCGA-LUAD,m,5,0.609377688
TCGA-LUAD,m,10,0.603555865
TCGA-LUAD,m,20,0.630730799
TCGA-LUAD,m,30,0.6451794
TCGA-LUAD,m,40,0.639475948
TCGA-LUAD,m,50,0.626875549
TCGA-LUAD,m,60,0.630661688
TCGA-LUAD,m,70,0.634567202
TCGA-LUAD,m,80,0.626370733
TCGA-LUAD,m,90,0.64053965
TCGA-LUAD,m,100,0.647281194
TCGA-LUAD,hm,5,0.64017758
TCGA-LUAD,hm,10,0.663414831
TCGA-LUAD,hm,20,0.668048097
TCGA-LUAD,hm,30,0.653231842
TCGA-LUAD,hm,40,0.659233227
TCGA-LUAD,hm,50,0.655930499
TCGA-LUAD,hm,60,0.671132274
TCGA-LUAD,hm,70,0.67034577
TCGA-LUAD,hm,80,0.681928853
TCGA-LUAD,hm,90,0.691771286
TCGA-LUAD,hm,100,0.694111021
TCGA-LUAD,m+hm,5,0.646084009
TCGA-LUAD,m+hm,10,0.655613607
TCGA-LUAD,m+hm,20,0.655697463
TCGA-LUAD,m+hm,30,0.656905425
TCGA-LUAD,m+hm,40,0.654763551
TCGA-LUAD,m+hm,50,0.649838087
TCGA-LUAD,m+hm,60,0.665733519
TCGA-LUAD,m+hm,70,0.667219281
TCGA-LUAD,m+hm,80,0.673611459
TCGA-LUAD,m+hm,90,0.693254117
TCGA-LUAD,m+hm,100,0.699644295
TCGA-LUSC,m,5,0.617716316
TCGA-LUSC,m,10,0.609877823
TCGA-LUSC,m,20,0.624040602
TCGA-LUSC,m,30,0.640296953
TCGA-LUSC,m,40,0.649184251
TCGA-LUSC,m,50,0.659244979
TCGA-LUSC,m,60,0.660044211
TCGA-LUSC,m,70,0.657789417
TCGA-LUSC,m,80,0.651196411
TCGA-LUSC,m,90,0.643844321
TCGA-LUSC,m,100,0.641369774
TCGA-LUSC,hm,5,0.670414017
TCGA-LUSC,hm,10,0.663019602
TCGA-LUSC,hm,20,0.677976107
TCGA-LUSC,hm,30,0.684078764
TCGA-LUSC,hm,40,0.683544218
TCGA-LUSC,hm,50,0.681831202
TCGA-LUSC,hm,60,0.685360827
TCGA-LUSC,hm,70,0.687681384
TCGA-LUSC,hm,80,0.697915735
TCGA-LUSC,hm,90,0.695286689
TCGA-LUSC,hm,100,0.692327587
TCGA-LUSC,m+hm,5,0.66933317
TCGA-LUSC,m+hm,10,0.667330962
TCGA-LUSC,m+hm,20,0.679907507
TCGA-LUSC,m+hm,30,0.685177562
TCGA-LUSC,m+hm,40,0.684148082
TCGA-LUSC,m+hm,50,0.690758311
TCGA-LUSC,m+hm,60,0.691492754
TCGA-LUSC,m+hm,70,0.691408072
TCGA-LUSC,m+hm,80,0.694712897
TCGA-LUSC,m+hm,90,0.688033675
TCGA-LUSC,m+hm,100,0.685580045
TCGA-PAAD,m,5,0.708121201
TCGA-PAAD,m,10,0.707205175
TCGA-PAAD,m,20,0.735987317
TCGA-PAAD,m,30,0.752239145
TCGA-PAAD,m,40,0.745306213
TCGA-PAAD,m,50,0.731847157
TCGA-PAAD,m,60,0.733276008
TCGA-PAAD,m,70,0.740220374
TCGA-PAAD,m,80,0.741685776
TCGA-PAAD,m,90,0.728599511
TCGA-PAAD,m,100,0.725048286
TCGA-PAAD,hm,5,0.644986735
TCGA-PAAD,hm,10,0.676942989
TCGA-PAAD,hm,20,0.665723851
TCGA-PAAD,hm,30,0.671162966
TCGA-PAAD,hm,40,0.659832709
TCGA-PAAD,hm,50,0.651582512
TCGA-PAAD,hm,60,0.674114282
TCGA-PAAD,hm,70,0.679334546
TCGA-PAAD,hm,80,0.681416389
TCGA-PAAD,hm,90,0.674898374
TCGA-PAAD,hm,100,0.671221001
TCGA-PAAD,m+hm,5,0.703117487
TCGA-PAAD,m+hm,10,0.703382498
TCGA-PAAD,m+hm,20,0.724115775
TCGA-PAAD,m+hm,30,0.728696509
TCGA-PAAD,m+hm,40,0.719468518
TCGA-PAAD,m+hm,50,0.712982463
TCGA-PAAD,m+hm,60,0.718269381
TCGA-PAAD,m+hm,70,0.726155885
TCGA-PAAD,m+hm,80,0.722075868
TCGA-PAAD,m+hm,90,0.715842547
TCGA-PAAD,m+hm,100,0.713684999
TCGA-PRAD,m,5,0.793470316
TCGA-PRAD,m,10,0.829138661
TCGA-PRAD,m,20,0.831958306
TCGA-PRAD,m,30,0.679906581
TCGA-PRAD,m,40,0.647805237
TCGA-PRAD,m,50,0.65362223
TCGA-PRAD,m,60,0.621530487
TCGA-PRAD,m,70,0.558954503
TCGA-PRAD,m,80,0.555110617
TCGA-PRAD,m,90,0.603347471
TCGA-PRAD,m,100,0.535942244
TCGA-PRAD,hm,5,0.870947046
TCGA-PRAD,hm,10,0.80659269
TCGA-PRAD,hm,20,0.837805841
TCGA-PRAD,hm,30,0.836789806
TCGA-PRAD,hm,40,0.904013015
TCGA-PRAD,hm,50,0.919897136
TCGA-PRAD,hm,60,0.944048817
TCGA-PRAD,hm,70,0.939113484
TCGA-PRAD,hm,80,0.932481899
TCGA-PRAD,hm,90,0.947214229
TCGA-PRAD,hm,100,0.962357828
TCGA-PRAD,m+hm,5,0.842003333
TCGA-PRAD,m+hm,10,0.833929427
TCGA-PRAD,m+hm,20,0.847786994
TCGA-PRAD,m+hm,30,0.827035502
TCGA-PRAD,m+hm,40,0.852379829
TCGA-PRAD,m+hm,50,0.870171755
TCGA-PRAD,m+hm,60,0.80865599
TCGA-PRAD,m+hm,70,0.80046526
TCGA-PRAD,m+hm,80,0.796079248
TCGA-PRAD,m+hm,90,0.875779035
TCGA-PRAD,m+hm,100,0.945274333
TCGA-READ,m,5,0.686777607
TCGA-READ,m,10,0.732617438
TCGA-READ,m,20,0.734345636
TCGA-READ,m,30,0.715895427
TCGA-READ,m,40,0.755602564
TCGA-READ,m,50,0.780294156
TCGA-READ,m,60,0.785707535
TCGA-READ,m,70,0.793719896
TCGA-READ,m,80,0.77519091
TCGA-READ,m,90,0.793984848
TCGA-READ,m,100,0.798391839
TCGA-READ,hm,5,0.715313138
TCGA-READ,hm,10,0.758552879
TCGA-READ,hm,20,0.779648478
TCGA-READ,hm,30,0.808930782
TCGA-READ,hm,40,0.799240665
TCGA-READ,hm,50,0.794124584
TCGA-READ,hm,60,0.833001995
TCGA-READ,hm,70,0.834848976
TCGA-READ,hm,80,0.83056731
TCGA-READ,hm,90,0.848170913
TCGA-READ,hm,100,0.84252558
TCGA-READ,m+hm,5,0.781738345
TCGA-READ,m+hm,10,0.773031327
TCGA-READ,m+hm,20,0.803606689
TCGA-READ,m+hm,30,0.815919381
TCGA-READ,m+hm,40,0.798956217
TCGA-READ,m+hm,50,0.826141371
TCGA-READ,m+hm,60,0.824106748
TCGA-READ,m+hm,70,0.829838646
TCGA-READ,m+hm,80,0.813840724
TCGA-READ,m+hm,90,0.837910981
TCGA-READ,m+hm,100,0.847085976
TCGA-SKCM,m,5,0.566641752
TCGA-SKCM,m,10,0.561727227
TCGA-SKCM,m,20,0.573794964
TCGA-SKCM,m,30,0.562390079
TCGA-SKCM,m,40,0.539874634
TCGA-SKCM,m,50,0.562040435
TCGA-SKCM,m,60,0.564135595
TCGA-SKCM,m,70,0.561271223
TCGA-SKCM,m,80,0.571310845
TCGA-SKCM,m,90,0.577769541
TCGA-SKCM,m,100,0.580386922
TCGA-SKCM,hm,5,0.583658978
TCGA-SKCM,hm,10,0.602067243
TCGA-SKCM,hm,20,0.610770874
TCGA-SKCM,hm,30,0.581606359
TCGA-SKCM,hm,40,0.582598049
TCGA-SKCM,hm,50,0.582908801
TCGA-SKCM,hm,60,0.591988002
TCGA-SKCM,hm,70,0.59865418
TCGA-SKCM,hm,80,0.592617646
TCGA-SKCM,hm,90,0.597208955
TCGA-SKCM,hm,100,0.601536559
TCGA-SKCM,m+hm,5,0.56670675
TCGA-SKCM,m+hm,10,0.594201125
TCGA-SKCM,m+hm,20,0.60454882
TCGA-SKCM,m+hm,30,0.571335689
TCGA-SKCM,m+hm,40,0.574057247
TCGA-SKCM,m+hm,50,0.583011699
TCGA-SKCM,m+hm,60,0.584977749
TCGA-SKCM,m+hm,70,0.589000137
TCGA-SKCM,m+hm,80,0.590380397
TCGA-SKCM,m+hm,90,0.593858073
TCGA-SKCM,m+hm,100,0.598925512
